{"_via_settings":{"ui":{"annotation_editor_height":25,"annotation_editor_fontsize":0.8,"leftsidebar_width":18,"image_grid":{"img_height":80,"rshape_fill":"none","rshape_fill_opacity":0.3,"rshape_stroke":"yellow","rshape_stroke_width":2,"show_region_shape":true,"show_image_policy":"all"},"image":{"region_label":"__via_region_id__","region_color":"__via_default_region_color__","region_label_font":"10px Sans","on_image_annotation_editor_placement":"NEAR_REGION"}},"core":{"buffer_size":18,"filepath":{},"default_filepath":""},"project":{"name":"store_final_train"}},"_via_img_metadata":{"reference.jpg1265335":{"filename":"reference.jpg","size":1265335,"regions":[{"shape_attributes":{"name":"polygon","all_points_x":[421,544,544,539,527,535,530,531,511,473,458,458,460,454,462,408],"all_points_y":[859,867,646,630,611,606,600,568,555,549,553,574,581,588,601,642]},"region_attributes":{"name":"fiji_small_bottle","type":"unknown","image_quality":{"good":true,"frontal":true,"good_illumination":true}}},{"shape_attributes":{"name":"polygon","all_points_x":[681,680,678,659,666,663,661,633,612,599,592,590,603,547,544,685],"all_points_y":[780,767,642,622,618,609,576,563,561,562,569,591,604,643,867,879]},"region_attributes":{"name":"fiji_small_bottle","type":"unknown","image_quality":{"good":true,"frontal":true,"good_illumination":true}}},{"shape_attributes":{"name":"polygon","all_points_x":[685,798,814,803,778,780,784,784,784,766,744,722,711,710,716,710,712,701,683],"all_points_y":[877,887,869,660,641,630,630,623,591,577,571,572,576,596,606,611,619,638,650]},"region_attributes":{"name":"fiji_small_bottle","type":"unknown","image_quality":{"good":true,"frontal":true,"good_illumination":true}}},{"shape_attributes":{"name":"polygon","all_points_x":[935,814,806,847,849,843,849,849,849,874,892,903,907,910,906,912,906,921,934],"all_points_y":[893,889,663,638,633,628,621,609,581,580,588,592,603,617,633,640,652,671,704]},"region_attributes":{"name":"fiji_small_bottle","type":"unknown","image_quality":{"good":true,"frontal":true,"good_illumination":true}}},{"shape_attributes":{"name":"polygon","all_points_x":[1049,938,934,974,969,976,972,977,998,1020,1031,1034,1031,1035,1025,1044,1052],"all_points_y":[901,893,676,646,636,629,602,592,589,593,604,616,641,647,660,676,688]},"region_attributes":{"name":"fiji_small_bottle","type":"unknown","image_quality":{"good":true,"frontal":true,"good_illumination":true}}},{"shape_attributes":{"name":"polygon","all_points_x":[1054,1170,1178,1181,1154,1161,1155,1157,1154,1143,1131,1106,1092,1097,1094,1099,1087,1056],"all_points_y":[902,907,888,702,666,653,644,625,616,609,604,600,605,624,637,654,674,693]},"region_attributes":{"name":"fiji_small_bottle","type":"unknown","image_quality":{"good":true,"frontal":true,"good_illumination":true}}},{"shape_attributes":{"name":"polygon","all_points_x":[1180,1288,1299,1302,1305,1305,1291,1276,1282,1278,1279,1278,1259,1241,1226,1219,1218,1215,1215,1218,1201,1182],"all_points_y":[906,915,889,829,730,719,702,675,666,659,638,624,612,613,613,622,640,654,660,666,683,697]},"region_attributes":{"name":"fiji_small_bottle","type":"unknown","image_quality":{"good":true,"frontal":true,"good_illumination":true}}},{"shape_attributes":{"name":"polygon","all_points_x":[1295,1302,1455,1464,1462,1467,1467,1455,1427,1425,1425,1414,1388,1374,1370,1364,1369,1305,1306,1306,1306],"all_points_y":[905,919,929,891,862,846,561,534,481,467,442,426,421,425,447,459,473,531,572,589,609]},"region_attributes":{"name":"fiji_big_bottle","type":"unknown","image_quality":{"good":true,"frontal":true,"good_illumination":true}}},{"shape_attributes":{"name":"polygon","all_points_x":[1462,1599,1627,1628,1607,1577,1582,1579,1579,1563,1540,1529,1524,1522,1527,1479,1467],"all_points_y":[931,941,947,580,543,488,477,461,440,428,426,434,459,475,480,535,551]},"region_attributes":{"name":"fiji_big_bottle","type":"unknown","image_quality":{"good":true,"frontal":true,"good_illumination":true}}},{"shape_attributes":{"name":"polygon","all_points_x":[1763,1631,1630,1675,1668,1675,1671,1681,1707,1726,1729,1728,1729,1724,1768],"all_points_y":[956,944,633,599,589,578,553,544,544,555,578,586,596,605,654]},"region_attributes":{"name":"fiji_medium_bottle","type":"unknown","image_quality":{"good":true,"frontal":true,"good_illumination":true}}},{"shape_attributes":{"name":"polygon","all_points_x":[1904,1903,1768,1771,1815,1816,1807,1813,1810,1833,1852,1864,1869,1867,1869,1876,1902],"all_points_y":[964,959,955,648,606,599,592,580,556,546,548,556,568,591,600,642,652]},"region_attributes":{"name":"fiji_medium_bottle","type":"unknown","image_quality":{"good":true,"frontal":true,"good_illumination":true}}},{"shape_attributes":{"name":"polygon","all_points_x":[1907,2042,2051,2012,2016,2013,2009,1990,1973,1958,1957,1962,1956,1963,1923,1917],"all_points_y":[962,967,663,621,608,589,569,564,564,576,593,606,611,621,662,666]},"region_attributes":{"name":"fiji_medium_bottle","type":"unknown","image_quality":{"good":true,"frontal":true,"good_illumination":true}}},{"shape_attributes":{"name":"polygon","all_points_x":[2074,2214,2225,2068],"all_points_y":[766,777,641,635]},"region_attributes":{"name":"antibacterial","type":"unknown","image_quality":{"good":true,"frontal":true,"good_illumination":true}}},{"shape_attributes":{"name":"polygon","all_points_x":[2317,2315,2380,2383,2316],"all_points_y":[843,866,871,841,842]},"region_attributes":{"name":"kleenex_pack","type":"unknown","image_quality":{"good":true,"frontal":true,"good_illumination":true}}},{"shape_attributes":{"name":"polygon","all_points_x":[2311,2255,2259,2318],"all_points_y":[865,863,832,846]},"region_attributes":{"name":"kleenex_pack","type":"unknown","image_quality":{"good":true,"frontal":true,"good_illumination":true}}},{"shape_attributes":{"name":"polygon","all_points_x":[2771,2807,2478,2443,2425,2425,2417,2415],"all_points_y":[975,639,614,633,661,710,901,948]},"region_attributes":{"name":"toilet_paper","type":"unknown","image_quality":{"good":true,"frontal":true,"good_illumination":true}}},{"shape_attributes":{"name":"polygon","all_points_x":[3010,3116,2784,2800],"all_points_y":[692,911,893,698]},"region_attributes":{"name":"face_shield","type":"unknown","image_quality":{"good":true,"frontal":true,"good_illumination":true}}},{"shape_attributes":{"name":"polygon","all_points_x":[3055,3139,3511,3392],"all_points_y":[651,915,947,665]},"region_attributes":{"name":"face_shield","type":"unknown","image_quality":{"good":true,"frontal":true,"good_illumination":true}}},{"shape_attributes":{"name":"polygon","all_points_x":[3794,3535,3156,3138,3310,3315,3342,3343,3397,3466,3698,3728],"all_points_y":[306,264,498,621,635,643,639,656,667,836,782,780]},"region_attributes":{"name":"teeny_tys","type":"unknown","image_quality":{"good":true,"frontal":true,"good_illumination":true}}},{"shape_attributes":{"name":"polygon","all_points_x":[576,721,724,700,687,683,617,552,535],"all_points_y":[1523,1532,1457,1124,1047,1039,1032,1030,1059]},"region_attributes":{"name":"bottle_core","type":"unknown","image_quality":{"good":true,"frontal":true,"good_illumination":true}}},{"shape_attributes":{"name":"polygon","all_points_x":[691,750,774,791,792,793,723],"all_points_y":[1044,1057,1119,1391,1507,1531,1531]},"region_attributes":{"name":"bottle_core","type":"unknown","image_quality":{"good":true,"frontal":true,"good_illumination":true}}},{"shape_attributes":{"name":"polygon","all_points_x":[794,903,927,933,793,777],"all_points_y":[1043,1054,1110,1536,1535,1099]},"region_attributes":{"name":"bottle_core","type":"unknown","image_quality":{"good":true,"frontal":true,"good_illumination":true}}},{"shape_attributes":{"name":"polygon","all_points_x":[1022,1158,1151,1134,1013,1006],"all_points_y":[1540,1543,1152,1078,1062,1138]},"region_attributes":{"name":"bottle_core","type":"unknown","image_quality":{"good":true,"frontal":true,"good_illumination":true}}},{"shape_attributes":{"name":"polygon","all_points_x":[1169,1187,1198,1193,1163,1135],"all_points_y":[1079,1153,1493,1526,1532,1076]},"region_attributes":{"name":"bottle_core","type":"unknown","image_quality":{"good":true,"frontal":true,"good_illumination":true}}},{"shape_attributes":{"name":"polygon","all_points_x":[1248,1367,1376,1371,1357,1269,1251,1236],"all_points_y":[1549,1556,1522,1156,1087,1077,1076,1153]},"region_attributes":{"name":"bottle_core","type":"unknown","image_quality":{"good":true,"frontal":true,"good_illumination":true}}},{"shape_attributes":{"name":"polygon","all_points_x":[1388,1484,1500,1497,1386,1377,1378,1376],"all_points_y":[1079,1093,1168,1560,1558,1503,1158,1126]},"region_attributes":{"name":"bottle_core","type":"unknown","image_quality":{"good":true,"frontal":true,"good_illumination":true}}},{"shape_attributes":{"name":"polygon","all_points_x":[1511,1615,1628,1618,1497,1502],"all_points_y":[1088,1098,1180,1564,1562,1158]},"region_attributes":{"name":"bottle_core","type":"unknown","image_quality":{"good":true,"frontal":true,"good_illumination":true}}},{"shape_attributes":{"name":"polygon","all_points_x":[1641,1740,1751,1737,1621,1631,1636],"all_points_y":[1095,1104,1185,1565,1567,1164,1128]},"region_attributes":{"name":"bottle_core","type":"unknown","image_quality":{"good":true,"frontal":true,"good_illumination":true}}},{"shape_attributes":{"name":"polygon","all_points_x":[1762,1866,1870,1864,1747,1753],"all_points_y":[1100,1111,1198,1574,1572,1161]},"region_attributes":{"name":"bottle_core","type":"unknown","image_quality":{"good":true,"frontal":true,"good_illumination":true}}},{"shape_attributes":{"name":"polygon","all_points_x":[1906,2006,2009,1991,1984,1881,1884,1892],"all_points_y":[1114,1123,1197,1546,1574,1575,1421,1189]},"region_attributes":{"name":"bottle_core","type":"unknown","image_quality":{"good":true,"frontal":true,"good_illumination":true}}},{"shape_attributes":{"name":"polygon","all_points_x":[594,700,701,696,676,663,636,604,578,568],"all_points_y":[2021,2025,1859,1644,1618,1613,1612,1613,1632,1673]},"region_attributes":{"name":"smart_bottle","type":"unknown","image_quality":{"good":true,"frontal":true,"good_illumination":true}}},{"shape_attributes":{"name":"polygon","all_points_x":[703,731,759,796,815,824,838,835,758,715,701,698],"all_points_y":[1636,1620,1618,1626,1644,1711,1970,2028,2035,2030,2017,1646]},"region_attributes":{"name":"smart_bottle","type":"unknown","image_quality":{"good":true,"frontal":true,"good_illumination":true}}},{"shape_attributes":{"name":"polygon","all_points_x":[822,845,881,937,955,961,973,975,973,887,846,841],"all_points_y":[1638,1624,1622,1633,1647,1654,1906,1998,2032,2038,2033,2013]},"region_attributes":{"name":"smart_bottle","type":"unknown","image_quality":{"good":true,"frontal":true,"good_illumination":true}}},{"shape_attributes":{"name":"polygon","all_points_x":[962,988,1037,1071,1092,1102,1111,1101,1088,1042,994,978],"all_points_y":[1644,1629,1631,1637,1648,1689,1973,2023,2036,2043,2045,2031]},"region_attributes":{"name":"smart_bottle","type":"unknown","image_quality":{"good":true,"frontal":true,"good_illumination":true}}},{"shape_attributes":{"name":"polygon","all_points_x":[1165,1200,1202,1202,1208,1239,1253,1253,1251,1248,1251,1291,1299,1302,1300,1289,1275,1251,1226,1199,1176,1158,1155,1157,1163,1160],"all_points_y":[1731,1689,1677,1655,1644,1644,1649,1665,1675,1680,1690,1729,1780,1910,2008,2023,2037,2045,2047,2045,2036,2021,1990,1935,1793,1748]},"region_attributes":{"name":"aquafina","type":"unknown","image_quality":{"good":true,"frontal":true,"good_illumination":true}}},{"shape_attributes":{"name":"polygon","all_points_x":[1300,1313,1344,1385,1430,1437,1438,1437,1420,1404,1397,1396,1396,1394,1393,1383,1356,1350,1350,1345,1347,1345,1329,1320,1312,1306,1302],"all_points_y":[2011,2032,2043,2037,2020,1873,1865,1750,1705,1691,1685,1680,1674,1661,1655,1646,1642,1650,1658,1678,1686,1695,1710,1726,1748,1770,1792]},"region_attributes":{"name":"aquafina","type":"unknown","image_quality":{"good":true,"frontal":true,"good_illumination":true}}},{"shape_attributes":{"name":"polygon","all_points_x":[1723,1748,1758,1762,1762,1762,1766,1791,1805,1808,1809,1808,1816,1828,1839,1849,1854,1855,1845,1827,1792,1742,1714,1715,1722,1715,1713,1715],"all_points_y":[1734,1706,1695,1688,1679,1668,1654,1647,1654,1659,1678,1687,1695,1711,1723,1739,1792,1925,2011,2047,2052,2049,2029,1818,1735,1744,1755,1769]},"region_attributes":{"name":"aquafina","type":"unknown","image_quality":{"good":true,"frontal":true,"good_illumination":true}}},{"shape_attributes":{"name":"polygon","all_points_x":[1442,1467,1477,1481,1481,1481,1485,1510,1524,1527,1528,1527,1535,1547,1558,1568,1573,1574,1564,1546,1511,1461,1433,1434,1441,1434,1432,1434],"all_points_y":[1740,1712,1701,1694,1685,1674,1660,1653,1660,1665,1684,1693,1701,1717,1729,1745,1798,1931,2017,2053,2058,2055,2035,1824,1741,1750,1761,1775]},"region_attributes":{"name":"aquafina","type":"unknown","image_quality":{"good":true,"frontal":true,"good_illumination":true}}},{"shape_attributes":{"name":"polygon","all_points_x":[1584,1609,1619,1623,1623,1623,1627,1652,1666,1669,1670,1669,1677,1689,1700,1710,1715,1716,1706,1688,1653,1603,1575,1576,1583,1576,1574,1576],"all_points_y":[1740,1712,1701,1694,1685,1674,1660,1653,1660,1665,1684,1693,1701,1717,1729,1745,1798,1931,2017,2053,2058,2055,2035,1824,1741,1750,1761,1775]},"region_attributes":{"name":"aquafina","type":"unknown","image_quality":{"good":true,"frontal":true,"good_illumination":true}}},{"shape_attributes":{"name":"polygon","all_points_x":[604,666,753,838,840,827,861,854,825,769,764,724,692,678,675,673,581],"all_points_y":[2546,2588,2575,2529,2519,2315,2250,2214,2197,2166,2142,2137,2143,2162,2184,2197,2296]},"region_attributes":{"name":"bottle_arrowhead","type":"unknown","image_quality":{"good":true,"frontal":true,"good_illumination":true}}},{"shape_attributes":{"name":"polygon","all_points_x":[1071,1028,974,918,870,841,840,827,866,912,915,913,934,967,984,997,999,1035,1068,1077,1081],"all_points_y":[2513,2561,2577,2588,2580,2551,2535,2311,2240,2204,2192,2175,2158,2145,2149,2163,2181,2200,2227,2244,2267]},"region_attributes":{"name":"bottle_arrowhead","type":"unknown","image_quality":{"good":true,"frontal":true,"good_illumination":true}}},{"shape_attributes":{"name":"polygon","all_points_x":[1077,1098,1142,1224,1282,1308,1319,1319,1309,1273,1244,1237,1234,1220,1192,1166,1156,1152,1152,1093,1081],"all_points_y":[2519,2567,2590,2577,2543,2517,2467,2351,2239,2213,2195,2185,2163,2150,2149,2159,2171,2195,2207,2265,2289]},"region_attributes":{"name":"bottle_arrowhead","type":"unknown","image_quality":{"good":true,"frontal":true,"good_illumination":true}}},{"shape_attributes":{"name":"polygon","all_points_x":[1755,1776,1844,1922,1951,1972,1974,1982,1961,1937,1920,1908,1907,1836,1836,1834,1802,1778,1762,1758],"all_points_y":[2527,2584,2592,2569,2552,2511,2452,2222,2189,2159,2149,2144,2134,2134,2149,2155,2178,2208,2266,2438]},"region_attributes":{"name":"gallon_arrowhead","type":"unknown","image_quality":{"good":true,"frontal":true,"good_illumination":true}}},{"shape_attributes":{"name":"polygon","all_points_x":[1337,1358,1426,1504,1533,1554,1562,1564,1552,1526,1502,1490,1489,1418,1418,1416,1384,1360,1344,1340],"all_points_y":[2520,2577,2585,2562,2545,2504,2447,2215,2171,2146,2142,2137,2127,2127,2142,2148,2171,2201,2259,2431]},"region_attributes":{"name":"gallon_arrowhead","type":"unknown","image_quality":{"good":true,"frontal":true,"good_illumination":true}}},{"shape_attributes":{"name":"polygon","all_points_x":[2026,2039,2069,2130,2223,2283,2312,2325,2367,2379,2364,2080],"all_points_y":[2500,2551,2572,2578,2572,2565,2507,2408,2230,2162,2156,2159]},"region_attributes":{"name":"dogchow","type":"unknown","image_quality":{"good":true,"frontal":true,"good_illumination":true}}},{"shape_attributes":{"name":"polygon","all_points_x":[2309,2361,2504,2532,2632,2366],"all_points_y":[2526,2574,2584,2572,2231,2233]},"region_attributes":{"name":"meowmix","type":"unknown","image_quality":{"good":true,"frontal":true,"good_illumination":true}}},{"shape_attributes":{"name":"polygon","all_points_x":[2549,2762,2785,2820,2828,2834,2830,2676,2549,2535,2636],"all_points_y":[2535,2530,2519,2308,2227,2179,2156,2152,2148,2230,2227]},"region_attributes":{"name":"tidycats","type":"unknown","image_quality":{"good":true,"frontal":true,"good_illumination":true}}},{"shape_attributes":{"name":"polygon","all_points_x":[3019,2846,2785,2825,2877,3046,3057],"all_points_y":[2578,2581,2525,2369,2308,2309,2408]},"region_attributes":{"name":"jungleanimals","type":"unknown","image_quality":{"good":true,"frontal":true,"good_illumination":true}}},{"shape_attributes":{"name":"polygon","all_points_x":[3044,3039,3064,3051,3192,3179,3020,3041],"all_points_y":[2493,2491,2398,2347,2496,2580,2580,2490]},"region_attributes":{"name":"bonefood","type":"unknown","image_quality":{"good":true,"frontal":true,"good_illumination":true}}},{"shape_attributes":{"name":"polygon","all_points_x":[2047,2073,2128,2171,2176,2177,2132,2087,2068,2057,2053],"all_points_y":[2041,2060,2069,2059,2023,2006,2017,2007,1990,1972,1985]},"region_attributes":{"name":"cat_food","type":"unknown","image_quality":{"good":true,"frontal":true,"good_illumination":true}}},{"shape_attributes":{"name":"polygon","all_points_x":[2219,2255,2296,2344,2349,2357,2329,2284,2253,2235,2228,2229],"all_points_y":[1988,2008,2016,2005,1992,1938,1917,1910,1907,1918,1937,1921]},"region_attributes":{"name":"cat_food","type":"unknown","image_quality":{"good":true,"frontal":true,"good_illumination":true}}},{"shape_attributes":{"name":"polygon","all_points_x":[2056,2082,2137,2180,2185,2185,2144,2104,2083,2066,2062],"all_points_y":[1983,2002,2011,2001,1965,1926,1904,1904,1908,1914,1927]},"region_attributes":{"name":"cat_food","type":"unknown","image_quality":{"good":true,"frontal":true,"good_illumination":true}}},{"shape_attributes":{"name":"polygon","all_points_x":[2626,2454,2440,2376,2384,2540],"all_points_y":[2071,2075,2070,1908,1869,1872]},"region_attributes":{"name":"bounce","type":"unknown","image_quality":{"good":true,"frontal":true,"good_illumination":true}}},{"shape_attributes":{"name":"polygon","all_points_x":[2215,2217,2243,2327,2345,2348,2295,2214],"all_points_y":[1997,2046,2063,2067,2057,2009,2016,1990]},"region_attributes":{"name":"cat_food","type":"unknown","image_quality":{"good":true,"frontal":true,"good_illumination":true}}},{"shape_attributes":{"name":"polygon","all_points_x":[2698,2765,2801,2800,2785,2781,2780,2780,2774,2745,2691,2667,2663,2659,2654,2651,2622,2609,2606,2604,2616,2624,2637,2649,2664],"all_points_y":[2080,2076,1986,1916,1881,1869,1856,1835,1782,1771,1767,1768,1781,1819,1841,1856,1889,1933,1966,2007,2046,2066,2067,2069,2074]},"region_attributes":{"name":"gain_detergent","type":"unknown","image_quality":{"good":true,"frontal":true,"good_illumination":true}}},{"shape_attributes":{"name":"polygon","all_points_x":[2804,2844,2851,2857,2896,2953,2968,2965,2962,2966,2991,2991,2969,2959,2936,2839,2815,2792,2787],"all_points_y":[1892,1856,1827,1778,1770,1784,1799,1845,1871,1892,1940,1993,2037,2072,2086,2080,2064,2043,2033]},"region_attributes":{"name":"tide_detergent","type":"unknown","image_quality":{"good":true,"frontal":true,"good_illumination":true}}},{"shape_attributes":{"name":"polygon","all_points_x":[3082,3116,3186,3257,3275,3278,3238,3241,3250,3258,3283,3303,3271,3221,3170,3157,3142,3136,3156,3167,3170,3149,3134,3124,3136,3170,3197,3187,3152,3107,3095],"all_points_y":[2060,2082,2087,2086,2047,2002,1892,1859,1828,1812,1802,1788,1762,1754,1754,1757,1762,1777,1778,1775,1787,1799,1822,1842,1845,1819,1808,1858,1901,1953,1989]},"region_attributes":{"name":"spray_bottle","type":"unknown","image_quality":{"good":true,"frontal":true,"good_illumination":true}}},{"shape_attributes":{"name":"polygon","all_points_x":[3067,3036,3045,3082,3124,3136,3136,3130,3107,3090,3083,3099,3114,3110,3092,3090,3110,3164,3220,3237,3223,3161,3139,3136,3163,3171,3146,3126,3147,3193,3186,3107,3079],"all_points_y":[2037,2017,1959,1891,1836,1808,1787,1784,1798,1819,1812,1784,1770,1760,1752,1732,1724,1724,1735,1752,1754,1755,1765,1774,1778,1784,1799,1838,1841,1809,1855,1956,2040]},"region_attributes":{"name":"spray_bottle","type":"unknown","image_quality":{"good":true,"frontal":true,"good_illumination":true}}},{"shape_attributes":{"name":"polygon","all_points_x":[2218,2101,2084,2067,2080,2197],"all_points_y":[1245,1242,1242,1502,1516,1513]},"region_attributes":{"name":"plastic_bags","type":"unknown","image_quality":{"good":true,"frontal":true,"good_illumination":true}}},{"shape_attributes":{"name":"polygon","all_points_x":[2220,2238,2368,2385,2257,2234],"all_points_y":[1503,1510,1517,1241,1237,1244]},"region_attributes":{"name":"sandwich_bags","type":"unknown","image_quality":{"good":true,"frontal":true,"good_illumination":true}}},{"shape_attributes":{"name":"polygon","all_points_x":[2388,2441,2567,2556,2466,2378],"all_points_y":[1244,1247,1482,1527,1524,1334]},"region_attributes":{"name":"wrap","type":"unknown","image_quality":{"good":true,"frontal":true,"good_illumination":true}}},{"shape_attributes":{"name":"polygon","all_points_x":[2771,2807,2951,2914,2773,2735],"all_points_y":[1268,1265,1281,1549,1539,1533]},"region_attributes":{"name":"box_spoons\n","type":"unknown","image_quality":{"good":true,"frontal":true,"good_illumination":true}}},{"shape_attributes":{"name":"polygon","all_points_x":[2730,2770,2734,2708],"all_points_y":[1265,1269,1530,1529]},"region_attributes":{"name":"box_spoons","type":"unknown","image_quality":{"good":true,"frontal":true,"good_illumination":true}}},{"shape_attributes":{"name":"polygon","all_points_x":[3103,2935,2961,2989,2946,2951,3142,3120,3147,3120],"all_points_y":[1550,1543,1371,1222,1116,1070,1086,1151,1208,1496]},"region_attributes":{"name":"plastic_cups","type":"unknown","image_quality":{"good":true,"frontal":true,"good_illumination":true}}},{"shape_attributes":{"name":"polygon","all_points_x":[3404,3364,3293,3190,3122,3124,3197,3327,3397,3407],"all_points_y":[1513,1524,1519,1513,1500,1440,1439,1450,1470,1473]},"region_attributes":{"name":"plastic_plates","type":"unknown","image_quality":{"good":true,"frontal":true,"good_illumination":true}}},{"shape_attributes":{"name":"polygon","all_points_x":[3407,3395,3207,3126,3112,3123],"all_points_y":[1523,1564,1559,1550,1543,1499]},"region_attributes":{"name":"plastic_plates","type":"unknown","image_quality":{"good":true,"frontal":true,"good_illumination":true}}}],"file_attributes":{"caption":"","public_domain":"no","image_url":""}}},"_via_attributes":{"region":{"name":{"type":"text","description":"Name of the object","default_value":"not_defined"},"type":{"type":"dropdown","description":"Category of object","options":{"bird":"Bird","human":"Human","cup":"Cup (object)","unknown":"Unknown (object)"},"default_options":{"unknown":true}},"image_quality":{"type":"checkbox","description":"Quality of image region","options":{"blur":"Blurred region","good_illumination":"Good Illumination","frontal":"Object in Frontal View"},"default_options":{"good":true,"frontal":true,"good_illumination":true}}},"file":{"caption":{"type":"text","description":"","default_value":""},"public_domain":{"type":"radio","description":"","options":{"yes":"Yes","no":"No"},"default_options":{"no":true}},"image_url":{"type":"text","description":"","default_value":""}}},"_via_data_format_version":"2.0.10","_via_image_id_list":["reference.jpg1265335"]}